{"name":"77356125-3b36-4ba5-86b9-3783bb4a7ca2","id":"/providers/Microsoft.Flow/flows/77356125-3b36-4ba5-86b9-3783bb4a7ca2","type":"Microsoft.Flow/flows","properties":{"apiId":"/providers/Microsoft.PowerApps/apis/shared_logicflows","displayName":"Button -> Consultar CEP,Compor","definition":{"metadata":{"workflowEntityId":null,"processAdvisorMetadata":null,"flowChargedByPaygo":null,"flowclientsuspensionreason":"None","flowclientsuspensiontime":null,"flowclientsuspensionreasondetails":null,"creator":{"id":"2805c618-04e5-4656-bd2e-78ed58652beb","type":"User","tenantId":"7e93e286-b29a-4454-a41a-e8419ec9deb5"},"provisioningMethod":"FromDefinition","failureAlertSubscription":true,"clientLastModifiedTime":"2025-09-04T00:24:57.2811542Z","connectionKeySavedTimeKey":"2025-09-04T00:24:57.2811542Z","creationSource":"Portal","modifiedSources":"Portal"},"$schema":"https://schema.management.azure.com/providers/Microsoft.Logic/schemas/2016-06-01/workflowdefinition.json#","contentVersion":"undefined","parameters":{"$authentication":{"defaultValue":{},"type":"SecureObject"},"$connections":{"defaultValue":{},"type":"Object"}},"triggers":{"manual":{"type":"Request","kind":"Button","inputs":{"schema":{"type":"object","properties":{"text":{"description":"Digite o Cep","title":"Texto","type":"string","x-ms-content-hint":"TEXT","x-ms-dynamically-added":true},"boolean":{"description":"","title":"Gerar CSV?","type":"boolean","x-ms-content-hint":"BOOLEAN","x-ms-dynamically-added":true}},"required":["text","boolean"]}}}},"actions":{"Consultar_CEP":{"runAfter":{},"type":"OpenApiConnection","inputs":{"parameters":{"cep":"@triggerBody()?['text']"},"host":{"apiId":"/providers/Microsoft.PowerApps/apis/shared_viacep-5f4cb9f10f3059adbc-5f2c1bb43367128f2e","connectionName":"shared_viacep-5f4cb9f10f3059adbc-5f2c1bb43367128f2e","operationId":"consultar-cep"},"authentication":{"value":"@json(decodeBase64(triggerOutputs().headers['X-MS-APIM-Tokens']))['$ConnectionKey']","type":"Raw"}}},"Compor":{"runAfter":{"Consultar_CEP":["Succeeded"]},"type":"Compose","inputs":"CEP: @{outputs('Consultar_CEP')?['body/cep']}\nLogradouro: @{outputs('Consultar_CEP')?['body/logradouro']}\nComplemento: @{outputs('Consultar_CEP')?['body/complemento']}\nBairro: @{outputs('Consultar_CEP')?['body/bairro']}\nLocalidade: @{outputs('Consultar_CEP')?['body/localidade']}\nUF: @{outputs('Consultar_CEP')?['body/uf']}\n"},"Condição":{"actions":{"Criar_Arquivo_CSV":{"metadata":{"flowSystemMetadata":{"portalOperationIconOverride":"https://conn-afd-prod-endpoint-bmc9bqahasf3grgk.b01.azurefd.net/v1.0.1763/1.0.1763.4307/onedriveforbusiness/icon.png","portalOperationBrandColorOverride":"#0078D4","portalOperationId":"/providers/Microsoft.PowerApps/apis/shared_onedriveforbusiness/apiOperations/CreateFile"}},"type":"OpenApiConnection","inputs":{"parameters":{"folderPath":"/Anexos","name":"Resultado_CEP_PowerAutomate.csv","body":"\"CEP,Logradouro,Complemento,Bairro,Localidade,UF @{outputs('Consultar_CEP')?['body/cep']},@{outputs('Consultar_CEP')?['body/logradouro']},@{outputs('Consultar_CEP')?['body/complemento']},@{outputs('Consultar_CEP')?['body/bairro']},@{outputs('Consultar_CEP')?['body/localidade']},@{outputs('Consultar_CEP')?['body/uf']}\""},"host":{"apiId":"/providers/Microsoft.PowerApps/apis/shared_onedriveforbusiness","connectionName":"shared_onedriveforbusiness-1","operationId":"CreateFile"},"authentication":{"value":"@json(decodeBase64(triggerOutputs().headers['X-MS-APIM-Tokens']))['$ConnectionKey']","type":"Raw"}}}},"runAfter":{"Compor":["Succeeded"]},"else":{"actions":{}},"expression":{"and":[{"equals":["@triggerBody()?['boolean']",true]}]},"type":"If"}}},"connectionReferences":{"shared_viacep-5f4cb9f10f3059adbc-5f2c1bb43367128f2e":{"connectionName":"d45bc355-1f45-4a23-944f-885eb9db9e04","source":"Invoker","id":"/providers/Microsoft.PowerApps/apis/shared_viacep-5f4cb9f10f3059adbc-5f2c1bb43367128f2e","tier":"NotSpecified","apiName":"viacep-5f4cb9f10f3059adbc-5f2c1bb43367128f2e","isProcessSimpleApiReferenceConversionAlreadyDone":false},"shared_onedriveforbusiness-1":{"connectionName":"shared-onedriveforbu-7be0821c-2a61-498f-a715-21043845c51c","source":"Invoker","id":"/providers/Microsoft.PowerApps/apis/shared_onedriveforbusiness","tier":"NotSpecified","apiName":"onedriveforbusiness","isProcessSimpleApiReferenceConversionAlreadyDone":false}},"flowFailureAlertSubscribed":false,"isManaged":false}}