{"name":"77356125-3b36-4ba5-86b9-3783bb4a7ca2","id":"/providers/Microsoft.Flow/flows/77356125-3b36-4ba5-86b9-3783bb4a7ca2","type":"Microsoft.Flow/flows","properties":{"apiId":"/providers/Microsoft.PowerApps/apis/shared_logicflows","displayName":"Button -> Consultar CEP,Compor","definition":{"metadata":{"workflowEntityId":null,"processAdvisorMetadata":null,"flowChargedByPaygo":null,"flowclientsuspensionreason":"None","flowclientsuspensiontime":null,"flowclientsuspensionreasondetails":null,"creator":{"id":"2805c618-04e5-4656-bd2e-78ed58652beb","type":"User","tenantId":"7e93e286-b29a-4454-a41a-e8419ec9deb5"},"provisioningMethod":"FromDefinition","failureAlertSubscription":true,"clientLastModifiedTime":"2025-09-03T20:40:12.3358738Z","connectionKeySavedTimeKey":"2025-09-03T20:40:12.3358738Z","creationSource":"Portal","modifiedSources":"Portal"},"$schema":"https://schema.management.azure.com/providers/Microsoft.Logic/schemas/2016-06-01/workflowdefinition.json#","contentVersion":"undefined","parameters":{"$authentication":{"defaultValue":{},"type":"SecureObject"},"$connections":{"defaultValue":{},"type":"Object"}},"triggers":{"manual":{"type":"Request","kind":"Button","inputs":{"schema":{"type":"object","properties":{"text":{"description":"Digite o Cep","title":"Texto","type":"string","x-ms-content-hint":"TEXT","x-ms-dynamically-added":true}},"required":["text"]}}}},"actions":{"Consultar_CEP":{"runAfter":{},"type":"OpenApiConnection","inputs":{"parameters":{"cep":"@triggerBody()?['text']"},"host":{"apiId":"/providers/Microsoft.PowerApps/apis/shared_viacep-5f4cb9f10f3059adbc-5f2c1bb43367128f2e","connectionName":"shared_viacep-5f4cb9f10f3059adbc-5f2c1bb43367128f2e","operationId":"consultar-cep"},"authentication":{"value":"@json(decodeBase64(triggerOutputs().headers['X-MS-APIM-Tokens']))['$ConnectionKey']","type":"Raw"}}},"Compor":{"runAfter":{"Consultar_CEP":["Succeeded"]},"type":"Compose","inputs":"CEP: @{outputs('Consultar_CEP')?['body/cep']}\nLogradouro: @{outputs('Consultar_CEP')?['body/logradouro']}\nComplemento: @{outputs('Consultar_CEP')?['body/complemento']}\nBairro: @{outputs('Consultar_CEP')?['body/bairro']}\nLocalidade: @{outputs('Consultar_CEP')?['body/localidade']}\nUF: @{outputs('Consultar_CEP')?['body/uf']}\n"}}},"connectionReferences":{"shared_viacep-5f4cb9f10f3059adbc-5f2c1bb43367128f2e":{"connectionName":"d45bc355-1f45-4a23-944f-885eb9db9e04","source":"Invoker","id":"/providers/Microsoft.PowerApps/apis/shared_viacep-5f4cb9f10f3059adbc-5f2c1bb43367128f2e","tier":"NotSpecified","apiName":"viacep-5f4cb9f10f3059adbc-5f2c1bb43367128f2e","isProcessSimpleApiReferenceConversionAlreadyDone":false}},"flowFailureAlertSubscribed":false,"isManaged":false}}